,Motif,Number of appearances in network,Edges indices,Location of appearances in network
0,"{1: [0], 2: [1]}",75,"[(7, 21), (5, 21), (4, 21), (7, 112), (7, 114), (7, 0), (5, 48), (0, 5), (0, 4), (18, 63), (114, 70), (93, 114), (98, 114), (54, 114), (76, 114), (49, 114), (37, 44), (27, 44), (15, 44), (18, 116), (15, 116), (15, 112), (27, 48), (49, 112), (93, 112), (98, 112), (84, 112), (54, 112), (27, 52), (18, 115), (27, 92), (27, 97), (21, 24), (5, 6, 58), (0, 3), (0, 2), (78, 79), (1, 3, 66), (1, 2, 66), (62, 66, 67, 104, 106), (62, 63, 66, 106), (43, 44, 66), (58, 65, 66, 67, 104), (58, 63, 65, 66), (66, 113, 114), (68, 73), (13, 16), (13, 14, 58), (14, 15, 58), (91, 92), (95, 97), (82, 83, 106), (34, 40), (34, 37), (34, 35), (29, 32), (51, 52), (74, 75), (47, 48), (96, 100), (58, 59, 60), (30, 32, 58), (53, 54, 58), (83, 84, 106), (88, 89), (87, 89), (103, 104, 105), (35, 40), (35, 39), (37, 40), (37, 39), (39, 40), (87, 88), (86, 88), (86, 87)]","[[[9, 1], [1, 16]], [[7, 1], [1, 16]], [[6, 1], [1, 16]], [[9, 1], [25, 9]], [[9, 1], [4, 9]], [[9, 1], [1, 2]], [[7, 1], [18, 7]], [[1, 2], [7, 1]], [[1, 2], [6, 1]], [[13, 14], [14, 3]], [[4, 9], [19, 4]], [[9, 28], [4, 9]], [[9, 26], [4, 9]], [[9, 11], [4, 9]], [[9, 10], [4, 9]], [[9, 7], [4, 9]], [[19, 21], [5, 19]], [[19, 18], [5, 19]], [[9, 5], [5, 19]], [[13, 14], [5, 13]], [[9, 5], [5, 13]], [[9, 5], [25, 9]], [[19, 18], [18, 7]], [[9, 7], [25, 9]], [[9, 28], [25, 9]], [[9, 26], [25, 9]], [[9, 22], [25, 9]], [[9, 11], [25, 9]], [[19, 18], [18, 11]], [[13, 14], [27, 13]], [[19, 18], [18, 28]], [[19, 18], [18, 26]], [[1, 16], [17, 16]], [[7, 1], [8, 1], [8, 8]], [[1, 2], [5, 2]], [[1, 2], [4, 2]], [[25, 12], [2, 12]], [[3, 2], [5, 2], [3, 3]], [[3, 2], [4, 2], [3, 3]], [[24, 3], [3, 3], [15, 3], [15, 15], [24, 24]], [[24, 3], [14, 3], [3, 3], [24, 24]], [[3, 19], [5, 19], [3, 3]], [[8, 8], [8, 3], [3, 3], [15, 3], [15, 15]], [[8, 8], [14, 3], [8, 3], [3, 3]], [[3, 3], [3, 9], [4, 9]], [[20, 4], [5, 4]], [[10, 5], [11, 5]], [[10, 5], [8, 5], [8, 8]], [[8, 5], [9, 5], [8, 8]], [[6, 28], [18, 28]], [[6, 26], [18, 26]], [[6, 22], [24, 22], [24, 24]], [[6, 21], [23, 21]], [[6, 21], [19, 21]], [[6, 21], [18, 21]], [[6, 20], [17, 20]], [[6, 11], [18, 11]], [[6, 10], [25, 10]], [[6, 7], [18, 7]], [[7, 26], [28, 26]], [[8, 8], [13, 8], [23, 8]], [[8, 20], [17, 20], [8, 8]], [[8, 11], [9, 11], [8, 8]], [[24, 22], [9, 22], [24, 24]], [[27, 23], [10, 23]], [[26, 23], [10, 23]], [[13, 15], [15, 15], [23, 15]], [[18, 21], [23, 21]], [[18, 21], [22, 21]], [[19, 21], [23, 21]], [[19, 21], [22, 21]], [[22, 21], [23, 21]], [[26, 23], [27, 23]], [[25, 23], [27, 23]], [[25, 23], [26, 23]]]"
1,"{2: [0, 1]}",49,"[(7, 93), (7, 98), (7, 84), (7, 54), (7, 76), (7, 15), (37, 70), (27, 70), (116, 44), (15, 93), (15, 98), (15, 84), (15, 49), (48, 92), (35, 48), (48, 52), (49, 93), (49, 84), (49, 54), (49, 76), (18, 59), (84, 93), (54, 93), (76, 93), (84, 98), (54, 98), (76, 98), (54, 84), (76, 84), (54, 76), (52, 92), (52, 97), (35, 52), (35, 92), (35, 97), (6, 21, 23, 57, 58), (8, 21, 25, 64, 66), (2, 71, 108, 110), (1, 22, 25, 64, 66), (3, 17, 79, 81), (37, 38, 43, 61, 66), (28, 35, 38, 61, 66), (11, 34, 38, 61, 66), (24, 25, 64, 66, 109), (72, 84, 85, 114), (32, 68, 71, 110), (9, 34, 36, 56, 58), (36, 37, 42, 56, 58), (26, 35, 36, 56, 58)]","[[[9, 1], [9, 28]], [[9, 1], [9, 26]], [[9, 1], [9, 22]], [[9, 1], [9, 11]], [[9, 1], [9, 10]], [[9, 1], [9, 5]], [[19, 21], [19, 4]], [[19, 18], [19, 4]], [[5, 13], [5, 19]], [[9, 5], [9, 28]], [[9, 5], [9, 26]], [[9, 5], [9, 22]], [[9, 5], [9, 7]], [[18, 7], [18, 28]], [[18, 21], [18, 7]], [[18, 7], [18, 11]], [[9, 7], [9, 28]], [[9, 7], [9, 22]], [[9, 7], [9, 11]], [[9, 7], [9, 10]], [[13, 14], [13, 8]], [[9, 22], [9, 28]], [[9, 11], [9, 28]], [[9, 10], [9, 28]], [[9, 22], [9, 26]], [[9, 11], [9, 26]], [[9, 10], [9, 26]], [[9, 11], [9, 22]], [[9, 10], [9, 22]], [[9, 11], [9, 10]], [[18, 11], [18, 28]], [[18, 11], [18, 26]], [[18, 21], [18, 11]], [[18, 21], [18, 28]], [[18, 21], [18, 26]], [[8, 1], [1, 16], [8, 16], [16, 8], [8, 8]], [[3, 1], [1, 16], [3, 16], [16, 3], [3, 3]], [[4, 2], [17, 4], [2, 17], [4, 17]], [[3, 2], [2, 16], [3, 16], [16, 3], [3, 3]], [[5, 2], [12, 5], [2, 12], [5, 12]], [[19, 21], [3, 21], [3, 19], [21, 3], [3, 3]], [[3, 18], [18, 21], [3, 21], [21, 3], [3, 3]], [[3, 6], [6, 21], [3, 21], [21, 3], [3, 3]], [[17, 16], [3, 16], [16, 3], [3, 3], [3, 17]], [[22, 4], [9, 22], [4, 22], [4, 9]], [[17, 20], [20, 4], [17, 4], [4, 17]], [[8, 6], [6, 21], [8, 21], [21, 8], [8, 8]], [[8, 21], [19, 21], [8, 19], [21, 8], [8, 8]], [[8, 18], [18, 21], [8, 21], [21, 8], [8, 8]]]"
2,"{1: [0], 2: [0]}",161,"[(7, 6), (112, 114), (115, 116), (49, 48), (93, 92), (98, 97), (54, 52), (6, 58, 60), (6, 58, 59), (0, 6, 58), (8, 62, 66, 106), (8, 66, 67, 104), (8, 63, 66), (0, 108), (0, 79), (32, 108), (3, 108), (3, 22), (2, 22), (2, 79), (1, 66, 79), (3, 16), (3, 13), (3, 15), (3, 14, 58), (3, 12), (2, 68), (2, 70), (2, 58, 69), (1, 62, 66, 106), (1, 66, 67, 104), (1, 63, 66), (1, 58, 65, 66), (62, 66, 94, 106), (66, 67, 94, 104), (63, 66, 94), (58, 65, 66, 94), (66, 87, 99), (62, 66, 99, 106), (66, 67, 99, 104), (63, 66, 99), (58, 65, 66, 99), (46, 66, 86), (46, 66, 78), (46, 66, 67, 104), (46, 63, 66), (46, 58, 65, 66), (33, 62, 66, 106), (43, 62, 66, 106), (28, 62, 66, 106), (62, 66, 106, 109), (55, 62, 66, 106), (62, 66, 77, 106), (62, 66, 106, 113), (50, 62, 66, 106), (11, 62, 66, 106), (33, 66, 68), (33, 66, 67, 104), (33, 63, 66), (43, 66, 70), (43, 66, 67, 104), (43, 63, 66), (28, 66, 67, 104), (28, 63, 66), (66, 67, 104, 109), (63, 66, 109), (58, 65, 66, 109), (66, 67, 102, 104), (66, 67, 104, 105), (66, 67, 103, 104), (55, 66, 67, 104), (66, 67, 77, 104), (66, 67, 104, 113), (50, 66, 67, 104), (11, 66, 67, 104), (55, 63, 66), (63, 66, 77), (63, 66, 113), (50, 63, 66), (11, 63, 66), (16, 55, 66), (66, 77, 89), (13, 66, 77), (58, 65, 66, 77), (66, 84, 113), (15, 66, 113), (58, 65, 66, 113), (58, 60, 65, 66), (58, 59, 65, 66), (50, 58, 65, 66), (11, 66, 82), (11, 12, 66), (29, 68), (68, 114), (58, 69, 114), (58, 60, 69), (58, 59, 69), (16, 73), (13, 73), (12, 73), (16, 44), (13, 44), (12, 44), (103, 104, 116), (16, 116), (13, 116), (12, 116), (16, 52), (13, 75), (14, 58, 60), (9, 58, 91), (87, 95), (9, 58, 95), (9, 58, 82), (74, 89), (9, 58, 74), (9, 58, 60), (9, 58, 59), (9, 47, 58), (87, 96), (26, 48, 58), (58, 90, 106, 107), (45, 58, 106, 107), (58, 83, 106, 107), (58, 60, 106, 107), (58, 59, 106, 107), (58, 60, 88), (58, 60, 87), (58, 60, 86), (58, 60, 89), (30, 58, 60), (42, 58, 60), (26, 58, 60), (53, 58, 60), (30, 58, 59), (42, 58, 59), (26, 58, 92), (26, 58, 97), (26, 58, 59), (58, 59, 115), (53, 58, 59), (87, 98), (45, 106, 112), (39, 84), (76, 89), (45, 75, 106), (40, 89), (89, 104, 105), (45, 78, 106), (90, 106, 115), (90, 102, 104, 106), (87, 104, 105), (86, 104, 105), (87, 97), (40, 88), (40, 87), (40, 86), (39, 83, 106), (88, 90, 106), (87, 100), (45, 86, 106)]","[[[9, 1], [8, 1]], [[25, 9], [4, 9]], [[27, 13], [5, 13]], [[9, 7], [18, 7]], [[9, 28], [18, 28]], [[9, 26], [18, 26]], [[9, 11], [18, 11]], [[8, 1], [8, 8], [23, 8]], [[8, 1], [8, 8], [13, 8]], [[1, 2], [8, 1], [8, 8]], [[3, 1], [24, 3], [3, 3], [24, 24]], [[3, 1], [3, 3], [15, 3], [15, 15]], [[3, 1], [14, 3], [3, 3]], [[1, 2], [2, 17]], [[1, 2], [2, 12]], [[17, 20], [2, 17]], [[5, 2], [2, 17]], [[5, 2], [2, 16]], [[4, 2], [2, 16]], [[4, 2], [2, 12]], [[3, 2], [3, 3], [2, 12]], [[5, 2], [11, 5]], [[5, 2], [10, 5]], [[5, 2], [9, 5]], [[5, 2], [8, 5], [8, 8]], [[5, 2], [6, 5]], [[4, 2], [20, 4]], [[4, 2], [19, 4]], [[4, 2], [8, 8], [8, 4]], [[3, 2], [24, 3], [3, 3], [24, 24]], [[3, 2], [3, 3], [15, 3], [15, 15]], [[3, 2], [14, 3], [3, 3]], [[3, 2], [8, 8], [8, 3], [3, 3]], [[24, 3], [3, 3], [3, 28], [24, 24]], [[3, 3], [15, 3], [3, 28], [15, 15]], [[14, 3], [3, 3], [3, 28]], [[8, 8], [8, 3], [3, 3], [3, 28]], [[3, 3], [26, 23], [3, 26]], [[24, 3], [3, 3], [3, 26], [24, 24]], [[3, 3], [15, 3], [3, 26], [15, 15]], [[14, 3], [3, 3], [3, 26]], [[8, 8], [8, 3], [3, 3], [3, 26]], [[3, 25], [3, 3], [25, 23]], [[3, 25], [3, 3], [25, 12]], [[3, 25], [3, 3], [15, 3], [15, 15]], [[3, 25], [14, 3], [3, 3]], [[3, 25], [8, 8], [8, 3], [3, 3]], [[3, 20], [24, 3], [3, 3], [24, 24]], [[3, 19], [24, 3], [3, 3], [24, 24]], [[3, 18], [24, 3], [3, 3], [24, 24]], [[24, 3], [3, 3], [24, 24], [3, 17]], [[3, 11], [24, 3], [3, 3], [24, 24]], [[24, 3], [3, 3], [3, 10], [24, 24]], [[24, 3], [3, 3], [24, 24], [3, 9]], [[3, 7], [24, 3], [3, 3], [24, 24]], [[3, 6], [24, 3], [3, 3], [24, 24]], [[3, 20], [3, 3], [20, 4]], [[3, 20], [3, 3], [15, 3], [15, 15]], [[3, 20], [14, 3], [3, 3]], [[3, 19], [3, 3], [19, 4]], [[3, 19], [3, 3], [15, 3], [15, 15]], [[3, 19], [14, 3], [3, 3]], [[3, 18], [3, 3], [15, 3], [15, 15]], [[3, 18], [14, 3], [3, 3]], [[3, 3], [15, 3], [15, 15], [3, 17]], [[14, 3], [3, 3], [3, 17]], [[8, 8], [8, 3], [3, 3], [3, 17]], [[3, 3], [15, 3], [27, 15], [15, 15]], [[3, 3], [15, 3], [15, 15], [23, 15]], [[3, 3], [15, 3], [13, 15], [15, 15]], [[3, 11], [3, 3], [15, 3], [15, 15]], [[3, 3], [15, 3], [3, 10], [15, 15]], [[3, 3], [15, 3], [15, 15], [3, 9]], [[3, 7], [3, 3], [15, 3], [15, 15]], [[3, 6], [3, 3], [15, 3], [15, 15]], [[3, 11], [14, 3], [3, 3]], [[14, 3], [3, 3], [3, 10]], [[14, 3], [3, 3], [3, 9]], [[3, 7], [14, 3], [3, 3]], [[3, 6], [14, 3], [3, 3]], [[11, 5], [3, 11], [3, 3]], [[3, 3], [3, 10], [10, 23]], [[10, 5], [3, 3], [3, 10]], [[8, 8], [8, 3], [3, 3], [3, 10]], [[3, 3], [9, 22], [3, 9]], [[9, 5], [3, 3], [3, 9]], [[8, 8], [8, 3], [3, 3], [3, 9]], [[8, 8], [23, 8], [8, 3], [3, 3]], [[8, 8], [13, 8], [8, 3], [3, 3]], [[3, 7], [8, 8], [8, 3], [3, 3]], [[3, 6], [3, 3], [6, 22]], [[3, 6], [6, 5], [3, 3]], [[6, 20], [20, 4]], [[20, 4], [4, 9]], [[8, 8], [8, 4], [4, 9]], [[8, 8], [23, 8], [8, 4]], [[8, 8], [13, 8], [8, 4]], [[11, 5], [5, 4]], [[10, 5], [5, 4]], [[6, 5], [5, 4]], [[11, 5], [5, 19]], [[10, 5], [5, 19]], [[6, 5], [5, 19]], [[13, 15], [15, 15], [5, 13]], [[11, 5], [5, 13]], [[10, 5], [5, 13]], [[6, 5], [5, 13]], [[11, 5], [18, 11]], [[10, 5], [25, 10]], [[8, 5], [8, 8], [23, 8]], [[8, 6], [8, 8], [6, 28]], [[26, 23], [6, 26]], [[8, 6], [8, 8], [6, 26]], [[8, 6], [8, 8], [6, 22]], [[6, 10], [10, 23]], [[8, 6], [8, 8], [6, 10]], [[8, 6], [8, 8], [23, 8]], [[8, 6], [8, 8], [13, 8]], [[8, 6], [6, 7], [8, 8]], [[26, 23], [7, 26]], [[8, 18], [18, 7], [8, 8]], [[8, 8], [24, 27], [24, 24], [8, 24]], [[24, 25], [8, 8], [24, 24], [8, 24]], [[8, 8], [24, 22], [24, 24], [8, 24]], [[8, 8], [23, 8], [24, 24], [8, 24]], [[8, 8], [13, 8], [24, 24], [8, 24]], [[8, 8], [23, 8], [27, 23]], [[8, 8], [23, 8], [26, 23]], [[8, 8], [23, 8], [25, 23]], [[8, 8], [23, 8], [10, 23]], [[8, 20], [8, 8], [23, 8]], [[8, 19], [8, 8], [23, 8]], [[8, 18], [8, 8], [23, 8]], [[8, 11], [8, 8], [23, 8]], [[8, 20], [8, 8], [13, 8]], [[8, 19], [8, 8], [13, 8]], [[8, 18], [8, 8], [18, 28]], [[8, 18], [8, 8], [18, 26]], [[8, 18], [8, 8], [13, 8]], [[8, 8], [13, 8], [27, 13]], [[8, 11], [8, 8], [13, 8]], [[26, 23], [9, 26]], [[24, 25], [24, 24], [25, 9]], [[22, 21], [9, 22]], [[9, 10], [10, 23]], [[24, 25], [25, 10], [24, 24]], [[23, 21], [10, 23]], [[10, 23], [15, 15], [23, 15]], [[24, 25], [25, 12], [24, 24]], [[24, 27], [24, 24], [27, 13]], [[24, 27], [27, 15], [15, 15], [24, 24]], [[26, 23], [15, 15], [23, 15]], [[25, 23], [15, 15], [23, 15]], [[26, 23], [18, 26]], [[23, 21], [27, 23]], [[23, 21], [26, 23]], [[23, 21], [25, 23]], [[22, 21], [24, 22], [24, 24]], [[27, 23], [24, 27], [24, 24]], [[26, 23], [28, 26]], [[24, 25], [25, 23], [24, 24]]]"
3,"{1: [0], 2: [0, 1]}",67,"[(7, 49, 5), (7, 113, 8), (27, 43, 28), (27, 42, 26), (27, 37, 35), (0, 21, 22), (4, 6, 9, 58), (6, 8, 58, 65, 66), (4, 5, 47), (5, 8, 50, 66), (4, 8, 11, 66), (0, 1, 8, 66), (22, 24, 108), (1, 66, 108, 109), (2, 3, 73), (66, 94, 99, 100), (28, 66, 92, 94), (66, 93, 94, 113), (11, 66, 91, 94), (28, 66, 97, 99), (66, 98, 99, 113), (50, 66, 96, 99), (11, 66, 95, 99), (45, 46, 62, 66, 106), (46, 66, 75, 77), (46, 66, 112, 113), (58, 62, 65, 66, 106, 107), (32, 33, 66, 109), (30, 33, 58, 65, 66), (11, 29, 33, 66), (42, 43, 58, 65, 66), (28, 52, 55, 66), (26, 28, 58, 65, 66), (28, 48, 50, 66), (54, 55, 66, 113), (53, 55, 58, 65, 66), (11, 51, 55, 66), (66, 76, 77, 113), (11, 66, 74, 77), (49, 50, 66, 113), (9, 11, 58, 65, 66), (11, 47, 50, 66), (30, 58, 68, 69), (42, 58, 69, 70), (44, 70, 73), (14, 58, 69, 73), (14, 42, 44, 58), (15, 16, 54), (14, 16, 53, 58), (12, 16, 51), (13, 15, 76), (12, 13, 74), (9, 12, 14, 58), (91, 95, 100), (47, 95, 96), (34, 39, 82), (9, 29, 30, 58), (9, 51, 53, 58), (48, 96, 97), (49, 96, 98), (26, 52, 53, 58), (93, 98, 100), (75, 76, 112), (75, 86, 89), (102, 103, 104, 115), (88, 102, 104, 105), (92, 97, 100)]","[[[9, 1], [9, 7], [7, 1]], [[9, 1], [3, 9], [3, 1]], [[19, 18], [3, 19], [3, 18]], [[19, 18], [8, 19], [8, 18]], [[19, 18], [19, 21], [18, 21]], [[1, 2], [1, 16], [2, 16]], [[6, 1], [8, 1], [8, 6], [8, 8]], [[8, 1], [3, 1], [8, 8], [8, 3], [3, 3]], [[6, 1], [7, 1], [6, 7]], [[7, 1], [3, 1], [3, 7], [3, 3]], [[6, 1], [3, 1], [3, 6], [3, 3]], [[1, 2], [3, 2], [3, 1], [3, 3]], [[2, 16], [17, 16], [2, 17]], [[3, 2], [3, 3], [2, 17], [3, 17]], [[4, 2], [5, 2], [5, 4]], [[3, 3], [3, 28], [3, 26], [28, 26]], [[3, 18], [3, 3], [18, 28], [3, 28]], [[3, 3], [9, 28], [3, 28], [3, 9]], [[3, 6], [3, 3], [6, 28], [3, 28]], [[3, 18], [3, 3], [18, 26], [3, 26]], [[3, 3], [9, 26], [3, 26], [3, 9]], [[3, 7], [3, 3], [7, 26], [3, 26]], [[3, 6], [3, 3], [6, 26], [3, 26]], [[24, 25], [3, 25], [24, 3], [3, 3], [24, 24]], [[3, 25], [3, 3], [25, 10], [3, 10]], [[3, 25], [3, 3], [25, 9], [3, 9]], [[8, 8], [24, 3], [8, 3], [3, 3], [24, 24], [8, 24]], [[17, 20], [3, 20], [3, 3], [3, 17]], [[8, 20], [3, 20], [8, 8], [8, 3], [3, 3]], [[3, 6], [6, 20], [3, 20], [3, 3]], [[8, 19], [3, 19], [8, 8], [8, 3], [3, 3]], [[3, 18], [18, 11], [3, 11], [3, 3]], [[8, 18], [3, 18], [8, 8], [8, 3], [3, 3]], [[3, 18], [18, 7], [3, 7], [3, 3]], [[9, 11], [3, 11], [3, 3], [3, 9]], [[8, 11], [3, 11], [8, 8], [8, 3], [3, 3]], [[3, 6], [6, 11], [3, 11], [3, 3]], [[3, 3], [9, 10], [3, 10], [3, 9]], [[3, 6], [3, 3], [6, 10], [3, 10]], [[9, 7], [3, 7], [3, 3], [3, 9]], [[8, 6], [3, 6], [8, 8], [8, 3], [3, 3]], [[3, 6], [6, 7], [3, 7], [3, 3]], [[8, 20], [8, 8], [20, 4], [8, 4]], [[8, 19], [8, 8], [8, 4], [19, 4]], [[5, 19], [19, 4], [5, 4]], [[8, 5], [8, 8], [8, 4], [5, 4]], [[8, 5], [8, 19], [5, 19], [8, 8]], [[9, 5], [11, 5], [9, 11]], [[8, 5], [11, 5], [8, 11], [8, 8]], [[6, 5], [11, 5], [6, 11]], [[10, 5], [9, 5], [9, 10]], [[6, 5], [10, 5], [6, 10]], [[8, 6], [6, 5], [8, 5], [8, 8]], [[6, 28], [6, 26], [28, 26]], [[6, 7], [6, 26], [7, 26]], [[6, 21], [22, 21], [6, 22]], [[8, 6], [6, 20], [8, 20], [8, 8]], [[8, 6], [6, 11], [8, 11], [8, 8]], [[18, 7], [7, 26], [18, 26]], [[9, 7], [7, 26], [9, 26]], [[8, 18], [18, 11], [8, 11], [8, 8]], [[9, 28], [9, 26], [28, 26]], [[25, 10], [9, 10], [25, 9]], [[25, 10], [25, 23], [10, 23]], [[27, 15], [13, 15], [15, 15], [27, 13]], [[27, 23], [27, 15], [15, 15], [23, 15]], [[18, 28], [18, 26], [28, 26]]]"
4,"{1: [0, 2], 2: [0, 1]}",154,"[(7, 10, 111, 4), (6, 58, 106, 107), (6, 30, 58), (6, 42, 58), (6, 26, 58), (6, 53, 58), (6, 14, 58), (6, 58, 69), (5, 96), (4, 91), (4, 95), (4, 82), (4, 34), (4, 29), (4, 51), (4, 74), (4, 12), (8, 66, 94), (8, 66, 99), (8, 46, 66), (8, 33, 66), (8, 43, 66), (8, 28, 66), (8, 66, 109), (8, 55, 66), (8, 66, 77), (8, 66, 113), (79, 108), (22, 79), (3, 44), (3, 116), (2, 114), (1, 66, 94), (1, 66, 99), (1, 46, 66), (1, 33, 66), (1, 43, 66), (1, 28, 66), (1, 55, 66), (1, 66, 77), (1, 66, 113), (1, 50, 66), (1, 11, 66), (46, 66, 94), (33, 66, 94), (43, 66, 94), (66, 94, 109), (55, 66, 94), (66, 77, 94), (50, 66, 94), (46, 66, 99), (33, 66, 99), (43, 66, 99), (66, 99, 109), (55, 66, 99), (66, 77, 99), (33, 46, 66), (43, 46, 66), (28, 46, 66), (46, 66, 109), (46, 55, 66), (46, 50, 66), (11, 46, 66), (62, 66, 90, 106), (62, 66, 83, 106), (28, 33, 66), (33, 55, 66), (33, 66, 77), (33, 66, 113), (33, 50, 66), (28, 43, 66), (43, 66, 109), (43, 55, 66), (43, 66, 77), (43, 66, 113), (43, 50, 66), (11, 43, 66), (28, 66, 109), (28, 66, 77), (28, 66, 113), (11, 28, 66), (55, 66, 109), (66, 77, 109), (66, 109, 113), (50, 66, 109), (11, 66, 109), (55, 66, 77), (50, 55, 66), (50, 66, 77), (14, 58, 65, 66), (58, 65, 66, 69), (58, 69, 106, 107), (26, 58, 69), (53, 58, 69), (9, 58, 69), (73, 116), (13, 89), (14, 58, 106, 107), (14, 30, 58), (14, 26, 58), (12, 91), (12, 95), (12, 82), (12, 34), (12, 29), (12, 47), (82, 91), (34, 91), (29, 91), (51, 91), (74, 91), (47, 91), (82, 95), (34, 95), (29, 95), (51, 95), (74, 95), (29, 82), (51, 82), (74, 82), (47, 82), (29, 34), (34, 51), (34, 74), (34, 47), (29, 51), (29, 74), (29, 47), (51, 74), (47, 51), (47, 74), (9, 58, 106, 107), (9, 42, 58), (9, 26, 58), (30, 58, 106, 107), (42, 58, 106, 107), (26, 58, 106, 107), (53, 58, 106, 107), (58, 60, 104, 105), (26, 30, 58), (30, 53, 58), (26, 42, 58), (42, 53, 58), (58, 59, 103, 104), (86, 112), (78, 112), (75, 78), (78, 86), (88, 115), (40, 104, 105), (24, 32), (83, 90, 106), (45, 83, 106), (45, 90, 106)]","[[[9, 1], [9, 6], [6, 9], [6, 1]], [[8, 1], [8, 8], [24, 24], [8, 24]], [[8, 1], [8, 20], [8, 8]], [[8, 1], [8, 19], [8, 8]], [[8, 1], [8, 18], [8, 8]], [[8, 1], [8, 11], [8, 8]], [[8, 1], [8, 5], [8, 8]], [[8, 1], [8, 8], [8, 4]], [[7, 1], [7, 26]], [[6, 1], [6, 28]], [[6, 1], [6, 26]], [[6, 1], [6, 22]], [[6, 1], [6, 21]], [[6, 1], [6, 20]], [[6, 1], [6, 11]], [[6, 1], [6, 10]], [[6, 1], [6, 5]], [[3, 1], [3, 3], [3, 28]], [[3, 1], [3, 3], [3, 26]], [[3, 1], [3, 25], [3, 3]], [[3, 1], [3, 20], [3, 3]], [[3, 1], [3, 19], [3, 3]], [[3, 1], [3, 18], [3, 3]], [[3, 1], [3, 3], [3, 17]], [[3, 1], [3, 11], [3, 3]], [[3, 1], [3, 3], [3, 10]], [[3, 1], [3, 3], [3, 9]], [[2, 12], [2, 17]], [[2, 16], [2, 12]], [[5, 2], [5, 19]], [[5, 2], [5, 13]], [[4, 2], [4, 9]], [[3, 2], [3, 3], [3, 28]], [[3, 2], [3, 3], [3, 26]], [[3, 2], [3, 25], [3, 3]], [[3, 2], [3, 20], [3, 3]], [[3, 2], [3, 19], [3, 3]], [[3, 2], [3, 18], [3, 3]], [[3, 2], [3, 11], [3, 3]], [[3, 2], [3, 3], [3, 10]], [[3, 2], [3, 3], [3, 9]], [[3, 2], [3, 7], [3, 3]], [[3, 2], [3, 6], [3, 3]], [[3, 25], [3, 3], [3, 28]], [[3, 20], [3, 3], [3, 28]], [[3, 19], [3, 3], [3, 28]], [[3, 3], [3, 28], [3, 17]], [[3, 11], [3, 3], [3, 28]], [[3, 3], [3, 10], [3, 28]], [[3, 7], [3, 3], [3, 28]], [[3, 25], [3, 3], [3, 26]], [[3, 20], [3, 3], [3, 26]], [[3, 19], [3, 3], [3, 26]], [[3, 3], [3, 26], [3, 17]], [[3, 11], [3, 3], [3, 26]], [[3, 3], [3, 10], [3, 26]], [[3, 20], [3, 25], [3, 3]], [[3, 19], [3, 25], [3, 3]], [[3, 18], [3, 25], [3, 3]], [[3, 25], [3, 3], [3, 17]], [[3, 25], [3, 11], [3, 3]], [[3, 25], [3, 7], [3, 3]], [[3, 6], [3, 25], [3, 3]], [[24, 3], [3, 3], [24, 27], [24, 24]], [[24, 3], [3, 3], [24, 22], [24, 24]], [[3, 18], [3, 20], [3, 3]], [[3, 20], [3, 11], [3, 3]], [[3, 20], [3, 3], [3, 10]], [[3, 20], [3, 3], [3, 9]], [[3, 20], [3, 7], [3, 3]], [[3, 18], [3, 19], [3, 3]], [[3, 19], [3, 3], [3, 17]], [[3, 19], [3, 11], [3, 3]], [[3, 19], [3, 3], [3, 10]], [[3, 19], [3, 3], [3, 9]], [[3, 19], [3, 7], [3, 3]], [[3, 6], [3, 19], [3, 3]], [[3, 18], [3, 3], [3, 17]], [[3, 18], [3, 3], [3, 10]], [[3, 18], [3, 3], [3, 9]], [[3, 6], [3, 18], [3, 3]], [[3, 11], [3, 3], [3, 17]], [[3, 3], [3, 10], [3, 17]], [[3, 3], [3, 17], [3, 9]], [[3, 7], [3, 3], [3, 17]], [[3, 6], [3, 3], [3, 17]], [[3, 11], [3, 3], [3, 10]], [[3, 7], [3, 11], [3, 3]], [[3, 7], [3, 3], [3, 10]], [[8, 5], [8, 8], [8, 3], [3, 3]], [[8, 8], [8, 3], [3, 3], [8, 4]], [[8, 8], [8, 4], [24, 24], [8, 24]], [[8, 18], [8, 8], [8, 4]], [[8, 11], [8, 8], [8, 4]], [[8, 6], [8, 8], [8, 4]], [[5, 4], [5, 13]], [[10, 5], [10, 23]], [[8, 5], [8, 8], [24, 24], [8, 24]], [[8, 5], [8, 20], [8, 8]], [[8, 5], [8, 18], [8, 8]], [[6, 5], [6, 28]], [[6, 5], [6, 26]], [[6, 5], [6, 22]], [[6, 5], [6, 21]], [[6, 5], [6, 20]], [[6, 5], [6, 7]], [[6, 22], [6, 28]], [[6, 21], [6, 28]], [[6, 20], [6, 28]], [[6, 11], [6, 28]], [[6, 10], [6, 28]], [[6, 7], [6, 28]], [[6, 22], [6, 26]], [[6, 21], [6, 26]], [[6, 20], [6, 26]], [[6, 11], [6, 26]], [[6, 10], [6, 26]], [[6, 20], [6, 22]], [[6, 11], [6, 22]], [[6, 10], [6, 22]], [[6, 7], [6, 22]], [[6, 20], [6, 21]], [[6, 21], [6, 11]], [[6, 21], [6, 10]], [[6, 21], [6, 7]], [[6, 20], [6, 11]], [[6, 20], [6, 10]], [[6, 20], [6, 7]], [[6, 11], [6, 10]], [[6, 7], [6, 11]], [[6, 7], [6, 10]], [[8, 6], [8, 8], [24, 24], [8, 24]], [[8, 6], [8, 19], [8, 8]], [[8, 6], [8, 18], [8, 8]], [[8, 20], [8, 8], [24, 24], [8, 24]], [[8, 19], [8, 8], [24, 24], [8, 24]], [[8, 18], [8, 8], [24, 24], [8, 24]], [[8, 11], [8, 8], [24, 24], [8, 24]], [[8, 8], [23, 8], [15, 15], [23, 15]], [[8, 18], [8, 20], [8, 8]], [[8, 20], [8, 11], [8, 8]], [[8, 18], [8, 19], [8, 8]], [[8, 19], [8, 11], [8, 8]], [[8, 8], [13, 8], [13, 15], [15, 15]], [[25, 23], [25, 9]], [[25, 12], [25, 9]], [[25, 10], [25, 12]], [[25, 12], [25, 23]], [[27, 23], [27, 13]], [[23, 21], [15, 15], [23, 15]], [[17, 16], [17, 20]], [[24, 22], [24, 27], [24, 24]], [[24, 25], [24, 22], [24, 24]], [[24, 25], [24, 27], [24, 24]]]"
5,"{0: [1], 1: [0], 2: [0]}",50,"[(10, 111, 114), (31, 41, 44), (10, 111, 112), (18, 20, 80), (6, 36, 56, 58), (8, 38, 61, 66), (2, 72, 85), (1, 38, 61, 66), (38, 61, 66, 94), (25, 64, 66, 94), (38, 61, 66, 99), (25, 64, 66, 99), (38, 46, 61, 66), (25, 46, 64, 66), (33, 38, 61, 66), (38, 61, 66, 109), (38, 55, 61, 66), (38, 61, 66, 77), (38, 61, 66, 113), (38, 50, 61, 66), (25, 33, 64, 66), (25, 43, 64, 66), (25, 28, 64, 66), (25, 55, 64, 66), (25, 64, 66, 77), (25, 64, 66, 113), (25, 50, 64, 66), (11, 25, 64, 66), (20, 63, 66, 80), (39, 72, 85), (24, 71, 110), (71, 110, 114), (36, 56, 58, 69), (23, 57, 58, 69), (17, 73, 81), (17, 44, 81), (17, 81, 116), (14, 36, 56, 58), (14, 23, 57, 58), (10, 34, 111), (10, 29, 111), (9, 23, 57, 58), (36, 56, 58, 106, 107), (23, 57, 58, 106, 107), (30, 36, 56, 58), (36, 53, 56, 58), (23, 30, 57, 58), (23, 42, 57, 58), (23, 26, 57, 58), (23, 53, 57, 58)]","[[[9, 6], [6, 9], [4, 9]], [[19, 20], [20, 19], [5, 19]], [[9, 6], [6, 9], [25, 9]], [[13, 14], [12, 14], [14, 12]], [[8, 1], [8, 21], [21, 8], [8, 8]], [[3, 1], [3, 21], [21, 3], [3, 3]], [[4, 2], [22, 4], [4, 22]], [[3, 2], [3, 21], [21, 3], [3, 3]], [[3, 21], [21, 3], [3, 3], [3, 28]], [[3, 16], [16, 3], [3, 3], [3, 28]], [[3, 21], [21, 3], [3, 3], [3, 26]], [[3, 16], [16, 3], [3, 3], [3, 26]], [[3, 21], [3, 25], [21, 3], [3, 3]], [[3, 16], [3, 25], [16, 3], [3, 3]], [[3, 20], [3, 21], [21, 3], [3, 3]], [[3, 21], [21, 3], [3, 3], [3, 17]], [[3, 21], [3, 11], [21, 3], [3, 3]], [[3, 21], [21, 3], [3, 3], [3, 10]], [[3, 21], [21, 3], [3, 3], [3, 9]], [[3, 21], [3, 7], [21, 3], [3, 3]], [[3, 16], [3, 20], [16, 3], [3, 3]], [[3, 16], [3, 19], [16, 3], [3, 3]], [[3, 16], [3, 18], [16, 3], [3, 3]], [[3, 16], [3, 11], [16, 3], [3, 3]], [[3, 16], [16, 3], [3, 3], [3, 10]], [[3, 16], [16, 3], [3, 3], [3, 9]], [[3, 16], [3, 7], [16, 3], [3, 3]], [[3, 6], [3, 16], [16, 3], [3, 3]], [[12, 14], [14, 3], [3, 3], [14, 12]], [[22, 21], [22, 4], [4, 22]], [[17, 16], [17, 4], [4, 17]], [[17, 4], [4, 17], [4, 9]], [[8, 21], [21, 8], [8, 8], [8, 4]], [[8, 16], [16, 8], [8, 8], [8, 4]], [[12, 5], [5, 4], [5, 12]], [[12, 5], [5, 19], [5, 12]], [[12, 5], [5, 12], [5, 13]], [[8, 5], [8, 21], [21, 8], [8, 8]], [[8, 5], [8, 16], [16, 8], [8, 8]], [[9, 6], [6, 21], [6, 9]], [[9, 6], [6, 20], [6, 9]], [[8, 6], [8, 16], [16, 8], [8, 8]], [[8, 21], [21, 8], [8, 8], [24, 24], [8, 24]], [[8, 16], [16, 8], [8, 8], [24, 24], [8, 24]], [[8, 20], [8, 21], [21, 8], [8, 8]], [[8, 21], [8, 11], [21, 8], [8, 8]], [[8, 16], [8, 20], [16, 8], [8, 8]], [[8, 16], [8, 19], [16, 8], [8, 8]], [[8, 16], [8, 18], [16, 8], [8, 8]], [[8, 16], [8, 11], [16, 8], [8, 8]]]"
6,"{1: [2], 2: [0, 1]}",40,"[(27, 31, 41), (31, 37, 41), (22, 23, 57, 58), (20, 79, 80), (38, 61, 62, 66, 106), (25, 62, 64, 66, 106), (38, 40, 61, 66), (38, 39, 61, 66), (38, 61, 66, 67, 104), (38, 61, 63, 66), (66, 71, 109, 110), (25, 64, 66, 67, 104), (25, 63, 64, 66), (72, 83, 85, 106), (72, 82, 85), (68, 72, 85), (70, 72, 85), (58, 69, 72, 85), (72, 73, 85), (70, 71, 110), (58, 69, 71, 110), (71, 73, 110), (17, 78, 81), (16, 17, 81), (13, 17, 81), (15, 17, 81), (14, 17, 58, 81), (12, 17, 81), (29, 31, 41), (9, 10, 58, 111), (23, 57, 58, 60), (36, 39, 56, 58), (36, 56, 58, 59), (23, 24, 57, 58), (23, 57, 58, 59), (20, 78, 80), (19, 101, 103, 104), (19, 101, 102, 104), (19, 101, 104, 105), (31, 32, 41)]","[[[19, 18], [19, 20], [20, 19]], [[19, 20], [19, 21], [20, 19]], [[2, 16], [8, 16], [16, 8], [8, 8]], [[12, 14], [2, 12], [14, 12]], [[3, 21], [21, 3], [24, 3], [3, 3], [24, 24]], [[3, 16], [24, 3], [16, 3], [3, 3], [24, 24]], [[3, 21], [23, 21], [21, 3], [3, 3]], [[3, 21], [22, 21], [21, 3], [3, 3]], [[3, 21], [21, 3], [3, 3], [15, 3], [15, 15]], [[3, 21], [21, 3], [14, 3], [3, 3]], [[3, 3], [17, 4], [3, 17], [4, 17]], [[3, 16], [16, 3], [3, 3], [15, 3], [15, 15]], [[3, 16], [14, 3], [16, 3], [3, 3]], [[22, 4], [24, 22], [4, 22], [24, 24]], [[22, 4], [6, 22], [4, 22]], [[20, 4], [22, 4], [4, 22]], [[19, 4], [22, 4], [4, 22]], [[8, 8], [8, 4], [22, 4], [4, 22]], [[22, 4], [5, 4], [4, 22]], [[19, 4], [17, 4], [4, 17]], [[8, 8], [8, 4], [17, 4], [4, 17]], [[17, 4], [5, 4], [4, 17]], [[12, 5], [25, 12], [5, 12]], [[11, 5], [12, 5], [5, 12]], [[10, 5], [12, 5], [5, 12]], [[9, 5], [12, 5], [5, 12]], [[8, 5], [12, 5], [8, 8], [5, 12]], [[6, 5], [12, 5], [5, 12]], [[6, 20], [19, 20], [20, 19]], [[8, 6], [9, 6], [8, 8], [6, 9]], [[8, 16], [16, 8], [8, 8], [23, 8]], [[8, 21], [22, 21], [21, 8], [8, 8]], [[8, 21], [21, 8], [8, 8], [13, 8]], [[8, 16], [17, 16], [16, 8], [8, 8]], [[8, 16], [16, 8], [8, 8], [13, 8]], [[12, 14], [25, 12], [14, 12]], [[15, 14], [14, 15], [13, 15], [15, 15]], [[15, 14], [14, 15], [27, 15], [15, 15]], [[15, 14], [14, 15], [15, 15], [23, 15]], [[19, 20], [17, 20], [20, 19]]]"
7,"{0: [2], 1: [2], 2: [0, 1]}",5,"[(25, 38, 61, 64, 66), (71, 72, 85, 110), (17, 20, 80, 81), (23, 36, 56, 57, 58), (19, 20, 80, 101, 104)]","[[[3, 16], [3, 21], [21, 3], [16, 3], [3, 3]], [[17, 4], [22, 4], [4, 22], [4, 17]], [[12, 5], [12, 14], [14, 12], [5, 12]], [[8, 16], [8, 21], [21, 8], [16, 8], [8, 8]], [[15, 14], [12, 14], [14, 12], [14, 15], [15, 15]]]"
8,"{0: [1], 1: [0], 2: [0, 1]}",3,"[(18, 103, 19, 101), (36, 38, 56, 58, 61, 65, 66), (23, 25, 57, 58, 64, 65, 66)]","[[[13, 14], [13, 15], [15, 14], [14, 15]], [[8, 21], [3, 21], [21, 8], [8, 8], [21, 3], [8, 3], [3, 3]], [[8, 16], [3, 16], [16, 8], [8, 8], [16, 3], [8, 3], [3, 3]]]"
9,"{0: [1], 1: [0], 2: [0, 1]}",4,"[(31, 33, 41, 43, 66), (10, 11, 66, 111, 113), (36, 40, 56, 58, 60), (30, 31, 41, 42, 58)]","[[[19, 20], [3, 20], [20, 19], [3, 19], [3, 3]], [[9, 6], [3, 6], [3, 3], [6, 9], [3, 9]], [[8, 21], [23, 21], [21, 8], [8, 8], [23, 8]], [[8, 20], [19, 20], [20, 19], [8, 19], [8, 8]]]"
10,"{1: [0, 2], 2: [0, 1]}",9,"[(19, 63, 66, 67, 101, 104), (31, 41, 68, 70), (10, 12, 15, 111), (10, 91, 93, 111), (10, 95, 98, 111), (10, 82, 84, 111), (10, 51, 54, 111), (10, 74, 76, 111), (10, 47, 49, 111)]","[[[15, 14], [14, 3], [3, 3], [15, 3], [14, 15], [15, 15]], [[19, 20], [20, 19], [20, 4], [19, 4]], [[9, 6], [6, 5], [9, 5], [6, 9]], [[9, 6], [6, 28], [9, 28], [6, 9]], [[9, 6], [6, 26], [9, 26], [6, 9]], [[9, 6], [6, 22], [9, 22], [6, 9]], [[9, 6], [6, 11], [9, 11], [6, 9]], [[9, 6], [6, 10], [9, 10], [6, 9]], [[9, 6], [6, 7], [9, 7], [6, 9]]]"
11,"{0: [1], 1: [2], 2: [0]}",2,"[(15, 73, 114), (14, 58, 59, 116)]","[[[9, 5], [5, 4], [4, 9]], [[8, 5], [8, 8], [13, 8], [5, 13]]]"
